text,category,memo
주민등록등본을 떼려는데 무인발급기가 고장 나 있어요,문화·행정·안전,
전입신고를 온라인으로 했는데 아직 처리가 안 된 것 같습니다,문화·행정·안전,
인감증명서 발급하러 갔는데 대기 시간이 너무 깁니다,문화·행정·안전,
올해 민방위 훈련 통지서를 받지 못했습니다,문화·행정·안전,
재난문자가 너무 늦게 와서 대피를 제때 못 했어요,문화·행정·안전,
주민센터 직원이 민원 응대를 불친절하게 했습니다,문화·행정·안전,
과태료 고지서가 잘못 발송된 것 같아 이의신청하고 싶어요,문화·행정·안전,
가족관계증명서 온라인 발급에서 계속 오류가 납니다,문화·행정·안전,
주민센터 번호표 기계가 고장 났어요,문화·행정·안전,
공원 방범 CCTV가 꺼져 있어서 밤에 불안합니다,문화·행정·안전,
버스정류장 앞 가로등이 일주일째 꺼져 있어요,교통·국토,
아파트 앞 도로에 포트홀이 생겨서 차가 덜컹거립니다,교통·국토,
집 앞에 불법주차한 차 때문에 차를 뺄 수가 없어요,교통·국토,
12번 시내버스 배차 간격이 너무 깁니다,교통·국토,
사거리 보행 신호가 너무 짧아서 어르신들이 건너기 힘들어요,교통·국토,
보도블록이 깨져서 할머니가 걸려 넘어지셨어요,교통·국토,
맨홀 뚜껑이 들려 있어 지나가는 차가 위험합니다,교통·국토,
눈이 왔는데 언덕길 제설이 전혀 안 됐어요,교통·국토,
택시 기사가 가까운 거리라고 승차거부를 했습니다,교통·국토,
횡단보도 노면 표시가 다 지워져서 잘 안 보여요,교통·국토,
빗물받이가 막혀서 비만 오면 도로에 물이 고여요,교통·국토,
오토바이가 인도로 달려서 아이들이 위험해요,교통·국토,
공영주차장 요금 정산기가 고장 났습니다,교통·국토,
골목 가로등 불 안 들어옴,교통·국토,
윗집 층간소음 때문에 밤에 잠을 못 자요,주택·건축,
옆 건물이 옥상에 불법으로 증축 공사를 하고 있어요,주택·건축,
아파트 관리비가 이번 달에 갑자기 두 배로 나왔어요,주택·건축,
빌라 천장에서 물이 새는데 관리인이 고쳐주지 않아요,주택·건축,
우리 동네 재개발 구역 지정 일정이 궁금합니다,주택·건축,
뒷집 옹벽에 금이 가서 무너질까 봐 무섭습니다,주택·건축,
골목에 무허가 건물이 계속 들어서고 있어요,주택·건축,
공동주택 엘리베이터가 자주 멈춰서 불안해요,주택·건축,
건축 공사장이 새벽 여섯 시부터 소음을 냅니다,주택·건축,
아랫집이 베란다를 불법으로 확장했어요,주택·건축,
임대주택 입주 신청 자격을 알고 싶어요,주택·건축,
오래된 상가 건물 외벽 타일이 떨어지고 있어요,주택·건축,
허가받은 설계와 다르게 건물이 지어지고 있는 것 같아요,주택·건축,
재건축 조합 운영이 불투명해서 조사해 주세요,주택·건축,
아파트 공용 계단에 균열이 생겼습니다,주택·건축,
윗집 쿵쿵거림 심함,주택·건축,
골목 전봇대 밑에 쓰레기 무단투기가 심해요,환경·위생,
음식물 쓰레기 수거가 사흘째 안 되고 있어요,환경·위생,
근처 공장에서 악취가 심하게 납니다,환경·위생,
동네 하천에 기름 같은 게 떠다녀요,환경·위생,
공사장 먼지가 날려서 창문을 열 수가 없어요,환경·위생,
밤마다 누가 공터에서 쓰레기를 태워요,환경·위생,
재활용 분리배출 요일이 언제인지 알고 싶어요,환경·위생,
대형폐기물 배출 스티커는 어디서 사나요,환경·위생,
동네 식당 주방이 너무 비위생적이에요,환경·위생,
공원 공중화장실이 너무 더럽습니다,환경·위생,
모기가 너무 많아서 방역을 부탁드립니다,환경·위생,
길에 길고양이 사체가 방치되어 있어요,환경·위생,
미세먼지가 심한데 도로 살수차 운행을 늘려 주세요,환경·위생,
하수구에서 오수가 역류해서 냄새가 나요,환경·위생,
허가 없이 영업하는 음식점이 있어요,환경·위생,
쓰레기 냄새 너무 심해요,환경·위생,
기초생활수급 신청 방법을 알고 싶어요,보건·복지,
혼자 사시는 어머니 돌봄 서비스를 신청하고 싶습니다,보건·복지,
이번 달 아동수당이 입금되지 않았어요,보건·복지,
보건소 예방접종 온라인 예약이 안 됩니다,보건·복지,
치매 조기 검사를 무료로 받을 수 있나요,보건·복지,
장애인 활동지원 시간이 갑자기 줄었어요,보건·복지,
국공립 어린이집 대기가 너무 깁니다,보건·복지,
경로당 난방이 안 돼서 어르신들이 추워하세요,보건·복지,
갑자기 실직해서 긴급복지 지원을 받고 싶어요,보건·복지,
독감 예방주사 무료 접종 대상인지 궁금해요,보건·복지,
감염병 의심 증상이 있는데 어디로 가야 하나요,보건·복지,
아동 급식카드 쓸 수 있는 가게가 너무 적어요,보건·복지,
저소득층 의료비 지원 신청 서류가 뭔가요,보건·복지,
무료 건강검진 대상인지 확인하고 싶어요,보건·복지,
옆집 독거 어르신이 며칠째 보이지 않아 걱정됩니다,보건·복지,
수급자 신청 어케함,보건·복지,
상가 비상구가 물건으로 막혀 있어요,문화·행정·안전,
아파트 소방차 전용구역에 차가 주차되어 있습니다,문화·행정·안전,
뒷산에서 연기가 올라오고 있어요,문화·행정·안전,
골목이 너무 좁아서 불나면 소방차가 못 들어올 것 같아요,문화·행정·안전,
캠핑장에서 사람들이 불을 함부로 피웁니다,문화·행정·안전,
주유소 옆에서 담배 피우는 사람들이 많아요,문화·행정·안전,
주민센터 직원분이 너무 친절하셔서 칭찬하고 싶어요,기타,
우리 동네에도 작은 도서관이 생겼으면 좋겠어요,문화·행정·안전,
이런 문제는 어느 부서에 문의해야 하는지 모르겠어요,기타,
시청 홈페이지 로그인이 계속 안 됩니다,기타,
구청장님께 전달하고 싶은 건의사항이 있어요,기타,
올해 지역 축제 일정을 알고 싶어요,문화·행정·안전,
공원에 운동기구를 더 설치해 주세요,기타,
시민 제안 공모전은 언제 열리나요,기타,
지역화폐 충전이 안 돼요,노동·기업,
청년 창업 지원 사업이 있는지 궁금합니다,노동·기업,
문화센터 강좌 신청은 어떻게 하나요,문화·행정·안전,
봉사활동 할 수 있는 곳을 소개해 주세요,기타,
여러 가지 불편 사항을 한꺼번에 말씀드리고 싶어요,기타,
우리 동네 이름의 유래가 궁금해요,기타,
시청 민원실 운영 시간이 어떻게 되나요,기타,
담당이 어딘지 모르겠음,기타,
골목 양쪽 불법주차 때문에 불나면 소방차가 못 들어갈 것 같아요,문화·행정·안전,경계 교통·국토↔문화·행정·안전: 소화전·소방차 진입·구급 등 소방 활동이 핵심이면 문화·행정·안전
소방서 출동로 앞에 차들이 줄지어 서 있어 출동이 막힐까 걱정돼요,문화·행정·안전,경계 교통·국토↔문화·행정·안전: 소화전·소방차 진입·구급 등 소방 활동이 핵심이면 문화·행정·안전
터널 안에서 차에 불이 붙었어요,문화·행정·안전,경계 교통·국토↔문화·행정·안전: 불·연기·가스·인명 위험이 지금 있으면 문화·행정·안전
교통사고가 났는데 사람이 차 안에 갇혀 못 나와요,문화·행정·안전,경계 교통·국토↔문화·행정·안전: 불·연기·가스·인명 위험이 지금 있으면 문화·행정·안전
주유소 앞 도로에 휘발유가 흘러 냄새가 진동하고 불날까 걱정돼요,문화·행정·안전,경계 교통·국토↔문화·행정·안전: 불·연기·가스·인명 위험이 지금 있으면 문화·행정·안전
상가 앞 이중 주차 때문에 버스가 못 지나가요,교통·국토,경계 교통·국토↔문화·행정·안전: 화재·구조와 무관한 주정차·통행 문제는 교통·국토
교통사고 난 뒤 부서진 가드레일이 그대로 방치돼 있어요,교통·국토,경계 교통·국토↔문화·행정·안전: 화재·구조와 무관한 도로 시설 문제는 교통·국토
교통사고가 잦은 교차로에 신호등을 설치해 주세요,교통·국토,경계 교통·국토↔문화·행정·안전: 화재·구조와 무관한 주정차·통행 문제는 교통·국토
도로에 기름이 쏟아져서 차들이 미끄러져요,교통·국토,경계 교통·국토↔문화·행정·안전: 화재·구조와 무관한 도로 시설 문제는 교통·국토
가로등이 깜빡이다가 아예 꺼져 버렸어요,교통·국토,경계 교통·국토↔문화·행정·안전: 화재·구조와 무관한 도로 시설 문제는 교통·국토
골목에 차를 몇 주째 세워 두고 안 빼요 방치 차량 같아요,교통·국토,경계 교통·국토↔문화·행정·안전: 화재·구조와 무관한 주정차·통행 문제는 교통·국토
장애인 주차구역에 일반 차량이 계속 주차해요,교통·국토,경계 교통·국토↔문화·행정·안전: 화재·구조와 무관한 주정차·통행 문제는 교통·국토
전기차 충전구역에 일반 차가 세워져 있어요,교통·국토,경계 교통·국토↔문화·행정·안전: 화재·구조와 무관한 주정차·통행 문제는 교통·국토
산 밑 밭에서 태우던 불이 산 쪽으로 번지고 있어요,문화·행정·안전,경계 문화·행정·안전↔환경·위생: 불이 번지거나 폭발·인명 위험이 있으면 문화·행정·안전
빈집 창문 틈에서 검은 연기가 새어 나와요,문화·행정·안전,경계 문화·행정·안전↔환경·위생: 불이 번지거나 폭발·인명 위험이 있으면 문화·행정·안전
음식점 주방 후드에 기름때가 잔뜩 끼어서 불날 것 같아요,문화·행정·안전,경계 문화·행정·안전↔환경·위생: 불이 번지거나 폭발·인명 위험이 있으면 문화·행정·안전
말벌에 쏘인 아이가 숨쉬기 힘들어해요,문화·행정·안전,경계 문화·행정·안전↔환경·위생: 불이 번지거나 폭발·인명 위험이 있으면 문화·행정·안전
엘리베이터가 멈춰서 사람이 안에 갇혔어요,문화·행정·안전,경계 문화·행정·안전↔환경·위생: 불이 번지거나 폭발·인명 위험이 있으면 문화·행정·안전
강아지가 배수구에 빠져서 못 나오고 있어요,문화·행정·안전,경계 문화·행정·안전↔환경·위생: 불이 번지거나 폭발·인명 위험이 있으면 문화·행정·안전
캠핑객들이 산속에서 버너로 고기를 굽고 있어요,문화·행정·안전,경계 문화·행정·안전↔환경·위생: 불이 번지거나 폭발·인명 위험이 있으면 문화·행정·안전
옆집이 마당에서 비닐을 태워서 냄새가 집 안까지 들어와요,환경·위생,경계 문화·행정·안전↔환경·위생: 연기·악취·오염·해충 방역이 문제면 환경·위생 (벌집 제거는 문화·행정·안전)
논두렁에서 해마다 짚을 태워 연기가 자욱해요,환경·위생,경계 문화·행정·안전↔환경·위생: 연기·악취·오염·해충 방역이 문제면 환경·위생 (벌집 제거는 문화·행정·안전)
하수구에서 계란 썩는 냄새가 올라와요,환경·위생,경계 문화·행정·안전↔환경·위생: 연기·악취·오염·해충 방역이 문제면 환경·위생 (벌집 제거는 문화·행정·안전)
공장 굴뚝에서 매캐한 연기가 하루 종일 나와요,환경·위생,경계 문화·행정·안전↔환경·위생: 연기·악취·오염·해충 방역이 문제면 환경·위생 (벌집 제거는 문화·행정·안전)
멧돼지가 밭을 다 파헤쳐 놨어요,환경·위생,경계 문화·행정·안전↔환경·위생: 연기·악취·오염·해충 방역이 문제면 환경·위생 (벌집 제거는 문화·행정·안전)
골목에 쥐가 너무 많이 돌아다녀요,환경·위생,경계 문화·행정·안전↔환경·위생: 연기·악취·오염·해충 방역이 문제면 환경·위생 (벌집 제거는 문화·행정·안전)
화재 뒤 남은 잿더미가 그대로 방치돼 냄새가 나요,환경·위생,경계 문화·행정·안전↔환경·위생: 연기·악취·오염·해충 방역이 문제면 환경·위생 (벌집 제거는 문화·행정·안전)
비둘기 배설물 때문에 베란다를 쓸 수가 없어요,환경·위생,경계 문화·행정·안전↔환경·위생: 연기·악취·오염·해충 방역이 문제면 환경·위생 (벌집 제거는 문화·행정·안전)
주유소 옆 하천에 기름띠가 떠 있어요,환경·위생,경계 문화·행정·안전↔환경·위생: 연기·악취·오염·해충 방역이 문제면 환경·위생 (벌집 제거는 문화·행정·안전)
아파트 단지 안 지하주차장 조명이 다 나가 있어요,주택·건축,경계 교통·국토↔주택·건축: 아파트 단지 안 시설·주차장은 공동주택 관리(주택·건축)
아파트 단지 내 도로가 움푹 패였는데 관리사무소가 안 고쳐요,주택·건축,경계 교통·국토↔주택·건축: 아파트 단지 안 시설·주차장은 공동주택 관리(주택·건축)
우리 아파트 지하주차장 천장에서 물이 새요,주택·건축,경계 교통·국토↔주택·건축: 아파트 단지 안 시설·주차장은 공동주택 관리(주택·건축)
아파트 단지 안 과속방지턱이 너무 높아서 차 바닥이 긁혀요,주택·건축,경계 교통·국토↔주택·건축: 아파트 단지 안 시설·주차장은 공동주택 관리(주택·건축)
아파트 단지 놀이터 시설이 낡았는데 관리사무소가 방치해요,주택·건축,경계 교통·국토↔주택·건축: 아파트 단지 안 시설·주차장은 공동주택 관리(주택·건축)
옆 공사장 공사 때문에 우리 집 벽에 금이 갔어요,주택·건축,경계 교통·국토↔주택·건축: 건축 공사 현장·건축물 안전은 주택·건축
재건축 공사장 가림막이 기울어져 넘어질 것 같아요,주택·건축,경계 교통·국토↔주택·건축: 건축 공사 현장·건축물 안전은 주택·건축
주택가 뒤편 옹벽 배수구가 막혀서 물이 스며 나와요,주택·건축,경계 교통·국토↔주택·건축: 건축 공사 현장·건축물 안전은 주택·건축
건물 바로 옆 땅이 꺼져서 건물이 기운 것 같아요,주택·건축,경계 교통·국토↔주택·건축: 건축 공사 현장·건축물 안전은 주택·건축
공사장 가설 울타리가 인도 쪽으로 넘어올 것 같아요,주택·건축,경계 교통·국토↔주택·건축: 건축 공사 현장·건축물 안전은 주택·건축
화재가 났던 이웃 건물이 무너질 것 같아 불안해요,주택·건축,경계 교통·국토↔주택·건축: 건축 공사 현장·건축물 안전은 주택·건축
공사장 트럭이 흙을 흘리고 다녀서 도로가 엉망이에요,교통·국토,경계 교통·국토↔주택·건축: 단지 밖 공공도로·인도·도로변 사면은 교통·국토
공사한다고 인도를 막아 놓고 우회로 안내가 없어요,교통·국토,경계 교통·국토↔주택·건축: 단지 밖 공공도로·인도·도로변 사면은 교통·국토
공사장 앞 도로를 파헤친 뒤 제대로 덮지 않았어요,교통·국토,경계 교통·국토↔주택·건축: 단지 밖 공공도로·인도·도로변 사면은 교통·국토
도로변 절개지 옹벽에서 돌이 굴러떨어져요,교통·국토,경계 교통·국토↔주택·건축: 단지 밖 공공도로·인도·도로변 사면은 교통·국토
아파트 정문 앞 공공도로에 싱크홀이 생겼어요,교통·국토,경계 교통·국토↔주택·건축: 단지 밖 공공도로·인도·도로변 사면은 교통·국토
아파트 정문 앞 버스정류장 위치를 옮겨 주세요,교통·국토,경계 교통·국토↔주택·건축: 단지 밖 정류장·신호 등 교통 시설은 교통·국토
신축 공사장 앞 횡단보도 신호등이 공사로 꺼져 있어요,교통·국토,경계 교통·국토↔주택·건축: 단지 밖 정류장·신호 등 교통 시설은 교통·국토
윗집에서 새벽마다 운동기구 떨어뜨리는 소리가 나요,주택·건축,경계 주택·건축↔환경·위생: 층간소음·건축 공사 소음·주거 하자는 주택·건축
아랫집 담배 연기가 화장실 환풍구로 올라와요,주택·건축,경계 주택·건축↔환경·위생: 층간소음·건축 공사 소음·주거 하자는 주택·건축
오피스텔 벽이 얇아서 옆집 말소리가 다 들려요,주택·건축,경계 주택·건축↔환경·위생: 층간소음·건축 공사 소음·주거 하자는 주택·건축
공사장 타워크레인 소리가 새벽부터 시끄러워요,주택·건축,경계 주택·건축↔환경·위생: 층간소음·건축 공사 소음·주거 하자는 주택·건축
옆집 리모델링 공사 드릴 소리가 주말에도 계속 나요,주택·건축,경계 주택·건축↔환경·위생: 층간소음·건축 공사 소음·주거 하자는 주택·건축
임대아파트 벽지에 곰팡이가 계속 생겨요,주택·건축,경계 주택·건축↔환경·위생: 층간소음·건축 공사 소음·주거 하자는 주택·건축
윗집 누수로 우리 집 천장에 곰팡이가 폈어요,주택·건축,경계 주택·건축↔환경·위생: 층간소음·건축 공사 소음·주거 하자는 주택·건축
관리사무소가 단지 쓰레기장 관리를 안 해요 관리 주체에 얘기해 주세요,주택·건축,경계 주택·건축↔환경·위생: 층간소음·건축 공사 소음·주거 하자는 주택·건축
아파트 음식물 쓰레기 수거차가 일주일째 안 왔어요,환경·위생,"경계 주택·건축↔환경·위생: 업소·생활 소음, 쓰레기 수거, 분진, 오수·악취는 환경·위생"
아파트 앞 노래방 음악 소리가 밤늦게까지 울려요,환경·위생,"경계 주택·건축↔환경·위생: 업소·생활 소음, 쓰레기 수거, 분진, 오수·악취는 환경·위생"
옆 건물 실외기 소음이 밤새 웅웅거려요,환경·위생,"경계 주택·건축↔환경·위생: 업소·생활 소음, 쓰레기 수거, 분진, 오수·악취는 환경·위생"
교회 확성기 소리가 너무 커요,환경·위생,"경계 주택·건축↔환경·위생: 업소·생활 소음, 쓰레기 수거, 분진, 오수·악취는 환경·위생"
공사장 먼지 때문에 빨래를 널 수가 없어요,환경·위생,"경계 주택·건축↔환경·위생: 업소·생활 소음, 쓰레기 수거, 분진, 오수·악취는 환경·위생"
빌라 정화조가 넘쳐서 냄새가 골목까지 나요,환경·위생,"경계 주택·건축↔환경·위생: 업소·생활 소음, 쓰레기 수거, 분진, 오수·악취는 환경·위생"
옆집 개가 하루 종일 짖어요,환경·위생,"경계 주택·건축↔환경·위생: 업소·생활 소음, 쓰레기 수거, 분진, 오수·악취는 환경·위생"
식중독 같은 증상이 있는데 보건소에서 검사받을 수 있나요,보건·복지,경계 환경·위생↔보건·복지: 사람의 치료·감염병·돌봄이 핵심이면 보건·복지
어린이집 선생님이 아이를 방치하는 것 같아요,보건·복지,경계 환경·위생↔보건·복지: 사람의 치료·감염병·돌봄이 핵심이면 보건·복지
어린이집에 수족구가 돌고 있는데 부모들에게 알리지 않아요,보건·복지,경계 환경·위생↔보건·복지: 사람의 치료·감염병·돌봄이 핵심이면 보건·복지
쓰레기를 집 안 가득 쌓아 두고 사시는 어르신이 걱정돼요,보건·복지,경계 환경·위생↔보건·복지: 사람의 치료·감염병·돌봄이 핵심이면 보건·복지
추운 날 지하도에 노숙인이 계속 누워 계세요,보건·복지,경계 환경·위생↔보건·복지: 사람의 치료·감염병·돌봄이 핵심이면 보건·복지
우리 건물에 결핵 환자가 산다는데 검사를 받아야 하나요,보건·복지,경계 환경·위생↔보건·복지: 사람의 치료·감염병·돌봄이 핵심이면 보건·복지
모기에 물린 뒤로 고열이 나는데 말라리아 검사를 받을 수 있나요,보건·복지,경계 환경·위생↔보건·복지: 사람의 치료·감염병·돌봄이 핵심이면 보건·복지
경로당 점심 급식이 너무 부실해요,보건·복지,경계 환경·위생↔보건·복지: 사람의 치료·감염병·돌봄이 핵심이면 보건·복지
어린이집 급식실 조리 위생이 불량해 보여요 점검해 주세요,환경·위생,경계 환경·위생↔보건·복지: 업소·시설의 위생 점검 요청은 환경·위생
식당 음식 먹고 탈이 났어요 그 가게 위생 점검 해 주세요,환경·위생,경계 환경·위생↔보건·복지: 업소·시설의 위생 점검 요청은 환경·위생
동네 물웅덩이에 모기 유충이 가득해요,환경·위생,경계 환경·위생↔보건·복지: 업소·시설의 위생 점검 요청은 환경·위생
시장 생선가게가 얼음도 없이 생선을 팔아요,환경·위생,경계 환경·위생↔보건·복지: 업소·시설의 위생 점검 요청은 환경·위생
유통기한 지난 음식을 파는 편의점이 있어요,환경·위생,경계 환경·위생↔보건·복지: 업소·시설의 위생 점검 요청은 환경·위생
대중목욕탕 물이 너무 더러워요,환경·위생,경계 환경·위생↔보건·복지: 업소·시설의 위생 점검 요청은 환경·위생
네일숍이 도구 소독을 전혀 안 하는 것 같아요,환경·위생,경계 환경·위생↔보건·복지: 업소·시설의 위생 점검 요청은 환경·위생
복지 상담하러 갔는데 창구 직원이 반말을 했어요,문화·행정·안전,경계 보건·복지↔문화·행정·안전: 서류 발급·공무원 응대·재난 대응은 문화·행정·안전
수급 신청에 필요한 가족관계증명서가 발급이 안 돼요,문화·행정·안전,경계 보건·복지↔문화·행정·안전: 서류 발급·공무원 응대·재난 대응은 문화·행정·안전
주민센터에서 긴급복지 신청했는데 결과를 못 들었어요,보건·복지,경계 보건·복지↔문화·행정·안전: 복지 급여·자격·돌봄 서비스 처리는 보건·복지
장애인 등록 신청 절차가 궁금해요,보건·복지,경계 보건·복지↔문화·행정·안전: 복지 급여·자격·돌봄 서비스 처리는 보건·복지
기초연금 수령액이 갑자기 줄었어요,보건·복지,경계 보건·복지↔문화·행정·안전: 복지 급여·자격·돌봄 서비스 처리는 보건·복지
한부모가정 지원 대상인지 알고 싶어요,보건·복지,경계 보건·복지↔문화·행정·안전: 복지 급여·자격·돌봄 서비스 처리는 보건·복지
옆집 아이가 밤늦게까지 혼자 방치된 것 같아요,보건·복지,경계 보건·복지↔문화·행정·안전: 복지 급여·자격·돌봄 서비스 처리는 보건·복지
차상위계층 확인서 발급이 안 돼요,보건·복지,경계 보건·복지↔문화·행정·안전: 복지 급여·자격·돌봄 서비스 처리는 보건·복지
장애인 콜택시가 너무 안 잡혀요,보건·복지,경계 보건·복지↔문화·행정·안전: 복지 급여·자격·돌봄 서비스 처리는 보건·복지
복지관 셔틀버스 노선을 늘려 주세요,보건·복지,경계 보건·복지↔문화·행정·안전: 복지 급여·자격·돌봄 서비스 처리는 보건·복지
요양원에서 어르신 식사를 제대로 챙기지 않는 것 같아요,보건·복지,경계 보건·복지↔문화·행정·안전: 복지 급여·자격·돌봄 서비스 처리는 보건·복지
주차위반 과태료 고지서가 제 차가 아닌데 날아왔어요,문화·행정·안전,경계 문화·행정·안전↔교통·국토: 방범 CCTV·과태료 고지·재난 대피는 문화·행정·안전
과태료를 냈는데 또 독촉장이 왔어요,문화·행정·안전,경계 문화·행정·안전↔교통·국토: 방범 CCTV·과태료 고지·재난 대피는 문화·행정·안전
골목에 방범용 CCTV를 설치해 주세요,문화·행정·안전,경계 문화·행정·안전↔교통·국토: 방범 CCTV·과태료 고지·재난 대피는 문화·행정·안전
어린이공원 방범 CCTV가 고장 난 것 같아요,문화·행정·안전,경계 문화·행정·안전↔교통·국토: 방범 CCTV·과태료 고지·재난 대피는 문화·행정·안전
어린이보호구역에 과속 단속 카메라를 달아 주세요,교통·국토,경계 문화·행정·안전↔교통·국토: 교통 단속·교통 시설 복구는 교통·국토
불법주차 단속 좀 제대로 해 주세요,교통·국토,경계 문화·행정·안전↔교통·국토: 교통 단속·교통 시설 복구는 교통·국토
비만 오면 지하차도가 잠겨서 차가 못 다녀요 배수 좀 해 주세요,교통·국토,경계 문화·행정·안전↔교통·국토: 재난 뒤 도로·지하차도 복구는 교통·국토
지진 뒤로 도로에 금이 가 있어요,교통·국토,경계 문화·행정·안전↔교통·국토: 재난 뒤 도로·지하차도 복구는 교통·국토
태풍에 쓰러진 교통 표지판이 그대로 있어요,교통·국토,경계 문화·행정·안전↔교통·국토: 교통 단속·교통 시설 복구는 교통·국토
홍수로 집에 물이 차서 가족이 갇혀 있어요,문화·행정·안전,같은 분야(문화·행정·안전): 재난 대응과 갇힘·가스 등 즉시 위험 모두 문화·행정·안전
도로 위에 로드킬 당한 동물 사체가 있어요,환경·위생,경계 환경·위생↔교통·국토: 도로 위라도 쓰레기·동물 사체·청소는 환경·위생
지하철역 화장실 악취가 너무 심해요,환경·위생,경계 환경·위생↔교통·국토: 도로 위라도 쓰레기·동물 사체·청소는 환경·위생
도로에 떨어진 화물 적재물 때문에 차들이 피해 다녀요,교통·국토,경계 환경·위생↔교통·국토: 통행을 막는 낙하물·제설 잔여물은 교통·국토
제설하고 남은 모래가 인도에 수북이 쌓여 있어요,교통·국토,경계 환경·위생↔교통·국토: 통행을 막는 낙하물·제설 잔여물은 교통·국토
쓰러진 가로수가 차도를 막고 있어요,교통·국토,경계 환경·위생↔교통·국토: 통행을 막는 낙하물·제설 잔여물은 교통·국토
시내버스 기사님이 짐을 들어 주셔서 감사 인사를 전하고 싶어요,기타,경계 기타↔각 분야: 칭찬·감사는 분야와 무관하게 기타
소방관분들 덕분에 할머니가 무사하셨어요 감사드립니다,기타,경계 기타↔각 분야: 칭찬·감사는 분야와 무관하게 기타
보건소 간호사님께 고맙다고 꼭 전해 주세요,기타,경계 기타↔각 분야: 칭찬·감사는 분야와 무관하게 기타
환경미화원분들이 새벽마다 고생하셔서 칭찬하고 싶어요,기타,경계 기타↔각 분야: 칭찬·감사는 분야와 무관하게 기타
우리 동네에도 공영주차장을 만들어 주세요,교통·국토,경계 기타↔각 분야: 설치·개선 요청이라도 분야가 뚜렷하면 그 분야
버스정류장에 비 가림 시설을 설치해 주세요,교통·국토,경계 기타↔각 분야: 설치·개선 요청이라도 분야가 뚜렷하면 그 분야
경로당을 하나 더 지어 주세요,보건·복지,경계 기타↔각 분야: 설치·개선 요청이라도 분야가 뚜렷하면 그 분야
동네에 국공립 어린이집을 늘려 주세요,보건·복지,경계 기타↔각 분야: 설치·개선 요청이라도 분야가 뚜렷하면 그 분야
골목에 재활용 분리수거함을 더 놓아 주세요,환경·위생,경계 기타↔각 분야: 설치·개선 요청이라도 분야가 뚜렷하면 그 분야
공원 벤치가 부서져 있어요,기타,경계 기타↔각 분야: 공원·녹지·가로수 관리와 7종 밖 기관 소관은 기타
공원 산책로 조명이 너무 어두워요,기타,경계 기타↔각 분야: 공원·녹지·가로수 관리와 7종 밖 기관 소관은 기타
가로수 가지치기를 좀 해 주세요,기타,경계 기타↔각 분야: 공원·녹지·가로수 관리와 7종 밖 기관 소관은 기타
은행나무 열매가 인도에 떨어져 냄새가 심해요,기타,경계 기타↔각 분야: 공원·녹지·가로수 관리와 7종 밖 기관 소관은 기타
공원 잔디밭에 텐트를 치는 사람이 너무 많아요,기타,경계 기타↔각 분야: 공원·녹지·가로수 관리와 7종 밖 기관 소관은 기타
떠돌이 개가 동네를 돌아다녀요 유기견 같아요,기타,경계 기타↔각 분야: 공원·녹지·가로수 관리와 7종 밖 기관 소관은 기타
반려견 등록은 어디서 하나요,기타,경계 기타↔각 분야: 공원·녹지·가로수 관리와 7종 밖 기관 소관은 기타
우편물이 자꾸 다른 집으로 배달돼요,기타,경계 기타↔각 분야: 공원·녹지·가로수 관리와 7종 밖 기관 소관은 기타
전기요금이 갑자기 너무 많이 나왔어요,기타,경계 기타↔각 분야: 공원·녹지·가로수 관리와 7종 밖 기관 소관은 기타
수도요금 고지서 금액이 이상해요,기타,경계 기타↔각 분야: 공원·녹지·가로수 관리와 7종 밖 기관 소관은 기타
인감 도장을 바꾸려면 무엇을 가져가야 하나요,문화·행정·안전,
여권 발급이 너무 오래 걸려요,문화·행정·안전,
주민등록증을 잃어버렸는데 재발급은 얼마나 걸리나요,문화·행정·안전,
무인민원발급기에서 카드 결제가 안 돼요,문화·행정·안전,
공무원이 전화를 계속 다른 데로 돌리기만 해요,문화·행정·안전,
외국인 등록 사실 증명서 발급이 안 돼요,문화·행정·안전,
밤에 공원에서 청소년들이 몰려다니며 싸워서 불안해요,문화·행정·안전,
민원서류 발급 수수료가 잘못 계산된 것 같아요,문화·행정·안전,
폭우 때 마을 방송이 전혀 안 들렸어요,문화·행정·안전,
7번 마을버스가 정류장을 그냥 지나쳤어요,교통·국토,
버스 도착 안내기가 고장 나서 시간이 안 나와요,교통·국토,
지하철역 엘리베이터가 한 달째 공사 중이에요,교통·국토,
퇴근 시간 교차로 꼬리물기가 너무 심해요,교통·국토,
도로 표지판이 나뭇가지에 가려서 안 보여요,교통·국토,
인도 위에 전동킥보드가 널브러져 있어요,교통·국토,
공유 자전거가 버스정류장 앞을 막고 있어요,교통·국토,
도로 과속방지턱 도색이 벗겨져 밤에 안 보여요,교통·국토,
스쿨존인데 차들이 너무 빨리 달려요,교통·국토,
택시가 미터기를 안 켜고 요금을 받았어요,교통·국토,
심야버스 노선을 늘려 주세요,교통·국토,
공영주차장 월정기권은 어떻게 신청하나요,교통·국토,
터널 안 조명이 절반은 꺼져 있어요,교통·국토,
육교 계단 난간이 흔들려요,교통·국토,
지하보도 천장에서 물이 새서 바닥이 미끄러워요,교통·국토,
도로 차선이 거의 안 보일 정도로 지워졌어요,교통·국토,
버스 전용차로로 승용차가 계속 다녀요,교통·국토,
굽은 길 도로 반사경이 깨져 있어요,교통·국토,
인도 턱이 너무 높아서 유모차가 못 올라가요,교통·국토,
자전거도로가 중간에 끊겨서 차도로 가야 해요,교통·국토,
내리막 커브길에 가드레일이 없어요,교통·국토,
방지턱 너무 높아서 차 긁힘,교통·국토,
보도블록 들떠서 걷기 힘듦,교통·국토,
아파트 관리비 사용 내역을 공개하지 않아요,주택·건축,
관리사무소가 장기수선충당금을 마음대로 쓴대요,주택·건축,
아파트 동대표 선거가 불공정하게 치러졌어요,주택·건축,
빌라 외벽에 금이 점점 커지고 있어요,주택·건축,
이웃집이 옥상에 컨테이너를 올려놓고 살아요,주택·건축,
주택가에 허가 없이 조립식 건물이 들어섰어요,주택·건축,
우리 건물이 불법으로 방을 쪼갠 원룸 같아요,주택·건축,
재개발 보상 기준을 알고 싶어요,주택·건축,
재건축 안전진단 결과는 언제 나오나요,주택·건축,
신축 아파트 하자 보수를 안 해 줘요,주택·건축,
입주한 지 석 달 된 아파트 벽에 금이 갔어요,주택·건축,
전세 사기를 당한 것 같아 상담받고 싶어요,주택·건축,
임대주택 보증금 반환이 계속 늦어져요,주택·건축,
공공임대 입주 순번이 어떻게 되는지 궁금해요,주택·건축,
동네 빈집이 곧 무너질 것처럼 기울어 있어요,주택·건축,
옆집 담장이 기울어서 넘어질 것 같아요,주택·건축,
오래된 연립주택 계단 난간이 녹슬어 부서졌어요,주택·건축,
아파트 경비원 휴게 공간이 너무 열악해요,주택·건축,
옆 필지 건물이 일조권을 침해하고 있어요,주택·건축,
건축 허가 도면을 열람하고 싶어요,주택·건축,
증축 신고는 어디에 하나요,주택·건축,
층간소음 측정을 신청하고 싶어요,주택·건축,
윗집 발소리 때문에 매일 다퉈요,주택·건축,
아파트 옥상 방수가 안 돼서 꼭대기 층이 새요,주택·건축,
건물주가 누수를 몇 달째 안 고쳐 줘요,주택·건축,
반지하 집에 습기가 너무 차요,주택·건축,
아파트 엘리베이터 교체 공사 기간이 너무 길어요,주택·건축,
관리비 너무 비쌈,주택·건축,
빌라 누수 3번째임,주택·건축,
대형폐기물 스티커 붙여 내놨는데 일주일째 안 가져가요,환경·위생,
재활용 수거일인데 수거차가 안 왔어요,환경·위생,
종량제 봉투 안 쓰고 버린 쓰레기가 골목에 쌓여요,환경·위생,
하천에 물고기가 떼로 죽어 떠 있어요,환경·위생,
동네 개천에서 하수 냄새가 심하게 나요,환경·위생,
세차장 폐수가 하수구로 그냥 흘러가요,환경·위생,
미세먼지 심한 날인데 공사장에서 물을 전혀 안 뿌려요,환경·위생,
공장에서 밤에 몰래 매연을 내뿜는 것 같아요,환경·위생,
길고양이 급식소 때문에 주변이 지저분해요,환경·위생,
바퀴벌레가 옆 식당에서 계속 넘어와요,환경·위생,
식당 직원이 맨손으로 음식을 담아요,환경·위생,
배달 음식에서 머리카락이 나왔어요,환경·위생,
정육점 고기 색깔이 이상해요,환경·위생,
공중화장실에 휴지와 비누가 하나도 없어요,환경·위생,
새벽 청소차 소리가 너무 시끄러워요,환경·위생,
헬스장 음악과 쿵쿵 소리가 밤늦게까지 들려요,환경·위생,
담배꽁초를 하수구에 버리는 사람이 많아요,환경·위생,
폐건전지 수거함이 어디 있나요,환경·위생,
스티로폼 분리배출 방법을 알려 주세요,환경·위생,
하수구에 날파리가 너무 많아요,환경·위생,
음식물 냄새 너무 남,환경·위생,
분리수거장 엉망이에요,환경·위생,
공원 연못 물이 녹색으로 변하고 냄새가 나요,환경·위생,
생계급여가 이번 달에 안 들어왔어요,보건·복지,
주거급여 신청 서류가 너무 복잡해요,보건·복지,
에너지 바우처 신청 기간이 언제예요,보건·복지,
노인 장기요양 등급 신청을 하고 싶어요,보건·복지,
요양보호사가 약속 시간에 오지 않아요,보건·복지,
치매 어르신 배회감지기를 신청하고 싶어요,보건·복지,
방문 간호 서비스를 받을 수 있나요,보건·복지,
보건소 금연 클리닉 예약을 하고 싶어요,보건·복지,
예방접종 후 이상반응 신고는 어디서 하나요,보건·복지,
영유아 건강검진 예약이 꽉 찼어요,보건·복지,
산후조리 지원금 신청하고 싶어요,보건·복지,
첫만남이용권 포인트가 아직 안 들어왔어요,보건·복지,
지역아동센터 운영 시간을 늘려 주세요,보건·복지,
아이돌봄 서비스 대기가 너무 길어요,보건·복지,
학대가 의심되는 아이를 봤어요,보건·복지,
노인 학대가 의심되는 집이 있어요,보건·복지,
청소년 쉼터가 어디 있나요,보건·복지,
무료 급식소 운영 요일이 궁금해요,보건·복지,
장애인 보조기기 지원 대상인지 궁금해요,보건·복지,
정신건강 상담을 받고 싶어요,보건·복지,
난임 시술비 지원을 신청하고 싶어요,보건·복지,
결핵 검진을 받을 수 있나요,보건·복지,
홍역 환자와 접촉했는데 어떻게 해야 하나요,보건·복지,
주간보호센터 차량이 오늘 안 왔어요,보건·복지,
노인 일자리 사업 신청은 어디서 하나요,보건·복지,
긴급 생계비 좀 도와주세요,보건·복지,
수급비 언제 들어와요,보건·복지,
전기장판을 쓰다가 연기가 났어요,문화·행정·안전,
문어발식으로 멀티탭을 꽂아 쓰는 식당이 있어요,문화·행정·안전,
가스레인지 밸브가 잠기지 않아요,문화·행정·안전,
가스 검침원이 누출이 의심된다고 했어요,문화·행정·안전,
등산로에서 담배 피우는 사람이 많아요,문화·행정·안전,
아파트 단지에서 불꽃놀이를 해요,문화·행정·안전,
풍등 날리기 행사가 있다는데 불나지 않을까요,문화·행정·안전,
우리 가게 소방 안전 점검을 받고 싶어요,문화·행정·안전,
주택용 소방시설 무료 설치 대상인가요,문화·행정·안전,
시청 홈페이지 공지사항이 안 열려요,기타,
구청 앱 알림이 너무 자주 와요,기타,
지역 도서관에 책을 더 늘려 주세요,문화·행정·안전,
평생학습관 강좌가 너무 빨리 마감돼요,문화·행정·안전,
체육관 대관 신청 방법이 궁금해요,문화·행정·안전,
소상공인 지원금 신청은 어디서 하나요,노동·기업,
관광 안내 지도가 잘못 표시돼 있어요,기타,
시 공식 SNS에 잘못된 정보가 올라왔어요,기타,
시장님과 면담하고 싶어요,기타,
우리 동네 이름을 바꾸자는 의견이 있어요,기타,
문화회관 공연 예매가 안 돼요,문화·행정·안전,
시립 수영장 이용 요금이 너무 올랐어요,문화·행정·안전,
공공 와이파이가 자주 끊겨요,기타,
동네 벽화가 너무 낡았어요,기타,
개인 간 돈 문제도 민원으로 넣을 수 있나요,기타,
뭐가 문제인지 모르겠는데 그냥 불편해요,기타,
건의 하나 드릴게요,기타,
여기 불편한 거 너무 많음,기타,
어디다 말해야 할지 모르겠어요,기타,
동네 도로가 갑자기 꺼져서 싱크홀이 생겼어요,교통·국토,보강: ④ 놓침 유형
버스정류장에 전단지가 덕지덕지 붙어 있어요,기타,보강: ④ 놓침 유형
골목 담벼락에 불법 전단지가 잔뜩 붙어 있어요,기타,보강: ④ 놓침 유형
공원 운동기구가 고장 나서 쓸 수가 없어요,기타,보강: ④ 놓침 유형
공원 벤치가 부서져서 앉을 수가 없어요,기타,보강: ④ 놓침 유형
공원에서 공공 와이파이가 자주 끊겨요,기타,보강: ④ 놓침 유형
정류장 공공 와이파이가 연결이 안 돼요,기타,보강: ④ 놓침 유형
가로수 가지가 너무 길게 자라서 간판을 가려요,기타,보강: ④ 놓침 유형
유기견 같은 개가 며칠째 동네를 돌아다녀요,기타,보강: ④ 놓침 유형
골목 벽화가 너무 낡아서 보기 흉해요,기타,보강: ④ 놓침 유형
새벽마다 고생하시는 환경미화원분들께 감사드려요,기타,보강: ④ 놓침 유형
석 달째 월급이 안 들어오고 사장은 연락을 피해요,노동·기업,
퇴사했는데 퇴직금을 주지 않아요,노동·기업,
시급이 최저임금보다 낮게 책정돼 있어요,노동·기업,
주휴수당을 한 번도 받아 본 적이 없어요,노동·기업,
근로계약서를 써 달라고 해도 미루기만 합니다,노동·기업,
월급에서 보험료는 빼 가는데 4대보험 가입이 안 돼 있어요,노동·기업,
문자 한 통으로 내일부터 나오지 말라고 해고당했어요,노동·기업,
팀장이 매일 욕설을 퍼부어서 출근하기가 무서워요,노동·기업,
직장 상사에게 성희롱을 당했는데 회사가 덮으려고 해요,노동·기업,
공사 현장 인부들이 안전모 없이 높은 곳에서 일해요,노동·기업,
일하다 다쳤는데 회사가 산재 신청을 못 하게 막아요,노동·기업,
한여름 땡볕에 쉬는 시간 없이 야외 작업을 시켜요,노동·기업,
연차를 쓰겠다고 하면 매번 거절당해요,노동·기업,
고등학생 알바생에게 밤늦게까지 일을 시켜요,노동·기업,
외국인 근로자 여권을 회사가 빼앗아 갖고 있어요,노동·기업,
공공근로 급여가 날짜를 넘겼는데도 안 들어왔어요,노동·기업,
일자리센터에 구직 등록했는데 연락이 한 번도 없었어요,노동·기업,
회사가 이직확인서를 안 써 줘서 실업급여를 못 받아요,노동·기업,
배달 라이더들이 쉴 수 있는 쉼터가 필요해요,노동·기업,
수습 기간이라며 월급을 깎아서 줘요,노동·기업,
회사 사정 어렵다고 권고사직서에 서명하라고 압박해요,노동·기업,
콜센터 상담원 휴게시간이 하루 10분뿐이에요,노동·기업,
임금 안 줌,노동·기업,보강: 짧은 말
알바 월급 떼먹힘,노동·기업,보강: 짧은 말
사장 폭언 너무 심함,노동·기업,보강: 짧은 말
아파트 경비원에게 입주민이 폭언하고 갑질해요,노동·기업,경계 노동·기업↔주택·건축: 경비원 임금·해고·폭언 같은 근로 문제는 노동·기업
경비원 휴게시간이 서류로만 있고 실제로는 계속 일해요,노동·기업,경계 노동·기업↔주택·건축: 경비원 임금·해고·폭언 같은 근로 문제는 노동·기업
경비실 휴게 공간이 너무 좁고 냉난방이 안 돼요,주택·건축,경계 노동·기업↔주택·건축: 경비실·휴게 공간 같은 단지 시설은 주택·건축
공사장 근로자들이 안전줄 없이 지붕 위에서 작업해요,노동·기업,경계 노동·기업↔주택·건축·교통·국토: 공사장 근로자의 안전은 노동·기업
공사장에서 철근이 인도로 떨어질 것 같아 지나가기 무서워요,교통·국토,경계 노동·기업↔주택·건축·교통·국토: 지나가는 사람의 통행 안전은 교통·국토
청년 일자리 사업 활동비가 아직 안 나왔어요,노동·기업,경계 노동·기업↔보건·복지: 일반 일자리·취업 지원은 노동·기업
노인 일자리 사업 신청 결과를 아직 못 받았어요,보건·복지,경계 노동·기업↔보건·복지: 노인 일자리와 생계 지원은 보건·복지
실직해서 생활비가 없는데 긴급 생계비를 받을 수 있을까요,보건·복지,경계 노동·기업↔보건·복지: 노인 일자리와 생계 지원은 보건·복지
요양보호사인데 센터가 이동 시간 임금을 안 쳐 줘요,노동·기업,경계 노동·기업↔보건·복지: 돌봄 시설 종사자의 임금·근로 문제는 노동·기업
요양원 어르신 식사가 너무 부실해요,보건·복지,경계 노동·기업↔보건·복지: 돌봄 서비스 이용자 문제는 보건·복지
소상공인 경영안정자금 심사가 몇 달째 안 끝나요,노동·기업,
소상공인 지원금 대상에서 왜 빠졌는지 알려 주지 않아요,노동·기업,
자영업자 손실보상금이 아직 입금되지 않았어요,노동·기업,
소상공인 확인서 발급을 거부당했어요,노동·기업,
청년창업 지원금 선정이 갑자기 취소됐어요,노동·기업,
창업보육센터 입주 공간 시설이 고장 난 채 방치돼 있어요,노동·기업,
청년몰 점포가 비어서 손님이 하나도 없어요,노동·기업,
전통시장 아케이드 보수 지원이 계속 미뤄져요,노동·기업,
시장 상인회가 지원 사업 혜택을 일부 가게에만 줘요,노동·기업,
상점가 간판 개선 사업 공사가 중간에 멈췄어요,노동·기업,
지역화폐 가맹점 등록이 한 달째 처리되지 않았어요,노동·기업,
온누리상품권을 받는다고 해 놓고 안 받아요,노동·기업,
지역화폐 캐시백이 적립되지 않았어요,노동·기업,
구청 소유 상가 임대료를 너무 많이 올렸어요,노동·기업,
건물주가 권리금 회수를 방해해요,노동·기업,
공장등록 처리가 몇 달째 지연되고 있어요,노동·기업,
산업단지 입주 기업 애로사항에 답변이 없어요,노동·기업,
수출바우처 지원금 정산이 늦어지고 있어요,노동·기업,
시청에 납품한 물품 대금을 아직 못 받았어요,노동·기업,
원청이 하도급 대금을 몇 달째 안 줘요,노동·기업,
프랜차이즈 본사가 비싼 인테리어 업체를 강요해요,노동·기업,
폐업 점포 철거비 지원을 받을 수 없다고 해요,노동·기업,
스마트상점 지원으로 받은 키오스크가 고장 났는데 수리를 안 해 줘요,노동·기업,
공공배달앱 정산이 계속 늦어져요,노동·기업,
판로 지원 박람회 참가 업체를 공고도 없이 뽑았어요,노동·기업,
사회적기업 인건비 지원금이 늦게 나와요,노동·기업,
소상공인 지원 사업 신청 사이트가 접속이 안 돼요,노동·기업,"경계 노동·기업↔기타: 특정 분야 지원 사업 신청 시스템 오류는 그 분야, 시청 대표 홈페이지 장애는 기타"
가게 매출이 너무 떨어져서 운영자금 지원을 받고 싶어요,노동·기업,
지원금 언제 나옴 가게 문 닫게 생김,노동·기업,보강: 짧은 말
상품권 가맹 안 됨,노동·기업,보강: 짧은 말
식당 위생 컨설팅 지원 사업 신청 결과가 안 나와요,노동·기업,경계 노동·기업↔환경·위생: 업소가 받는 지원 사업은 노동·기업
전통시장 화재공제 가입 지원 신청이 처리되지 않아요,노동·기업,경계 노동·기업↔문화·행정·안전: 상인 대상 지원 사업은 노동·기업
전통시장 고객 주차장 정기권 신청이 안 돼요,교통·국토,경계 노동·기업↔교통·국토: 시장 주차장이라도 주차장 이용·정기권은 교통·국토
인터넷으로 산 청소기가 고장 났는데 환불을 안 해 줘요,기타,경계 노동·기업↔기타: 소비자 제품 분쟁은 기타
구민체육센터 수영장 샤워실 온수가 안 나와요,문화·행정·안전,
시립박물관 휴관 안내가 없어서 헛걸음했어요,문화·행정·안전,
공공 체육시설 예약을 특정 동호회가 독차지해요,문화·행정·안전,
체육센터 헬스장 운동기구가 고장 난 채 몇 달째예요,문화·행정·안전,"경계 문화·행정·안전↔기타: 체육센터 안 시설은 문화·행정·안전, 공원 운동기구는 기타"
근린공원 운동기구가 부러져 있어요,기타,"경계 문화·행정·안전↔기타: 체육센터 안 시설은 문화·행정·안전, 공원 운동기구는 기타"
교차로 신호등이 계속 노란불만 깜빡여요,교통·국토,통합(예전 교통↔건설·국토 경계): 가로등·신호등 모두 교통·국토
버스정류장 의자가 부서져 있어요,교통·국토,통합(예전 교통↔건설·국토 경계): 정류장 시설·보도블록 모두 교통·국토
일용직 일당을 절반만 주고 나머지는 다음에 준대요,노동·기업,
포괄임금이라며 매일 야근을 시키고 수당은 없어요,노동·기업,
임신 사실을 알리자 퇴사를 권유받았어요,노동·기업,
지게차가 작업자 통로로 다녀서 사고 날 뻔했어요,노동·기업,
현장실습 나온 학생에게 위험한 작업을 시켜요,노동·기업,
외국인 노동자 숙소가 컨테이너라 너무 열악해요,노동·기업,
직업훈련 과정이 개강 직전에 폐강됐어요,노동·기업,
구인 공고 조건과 실제 임금이 달라요,노동·기업,
창업 공간 입주 심사 결과를 공개하지 않아요,노동·기업,
전통시장 빈 점포가 늘어서 상권이 죽어 가요,노동·기업,
산업단지 착공 승인이 늦어져서 설비를 못 들여요,노동·기업,
가맹 계약 해지 위약금이 터무니없이 많아요,노동·기업,
폐업했는데 지원금 환수 통지가 왔어요,노동·기업,
터널 입구 위쪽 낙석 방지망이 찢어져서 돌이 굴러 내려와요,교통·국토,
비가 그친 지 이틀인데 하천변 도로가 아직 물에 잠겨 있어요,교통·국토,
골목 보안등이 꺼진 지 열흘이 넘어서 밤길 다니기가 무서워요,교통·국토,경계 교통·국토↔문화·행정·안전: 밤길이 무섭다는 말이 있어도 보안등 고장 수리는 교통·국토
배수로 철제 덮개가 없어져서 자전거 바퀴가 그 틈에 빠졌어요,교통·국토,
도로 확장 구간에 제 밭이 들어갔다는데 보상 협의 연락이 아직 없어요,교통·국토,
집 뒤편 국유지를 텃밭으로 쓰고 싶은데 사용 허가는 어디서 받나요,교통·국토,
도시계획도로 예정선이 저희 집을 지난다던데 착공 시기가 궁금합니다,교통·국토,
인도가 옆으로 기울어져 있어서 휠체어가 자꾸 차도 쪽으로 쏠려요,교통·국토,
장마 뒤로 하천 제방 한쪽이 무너져 내렸으니 정비해 주세요,교통·국토,
접도구역에 걸려 창고를 못 짓는다는데 해제 기준이 어떻게 되나요,교통·국토,
가로등 기둥이 비스듬히 기울어 있어서 언제 넘어질지 몰라요,교통·국토,
마을 진입로가 차 한 대 폭이라 마주 오면 비킬 데가 없어요 길 좀 넓혀 주세요,교통·국토,통합(예전 교통↔건설·국토 경계): 도로 폭 확장 요청도 교통·국토
고가도로 이음새가 벌어져서 차가 지날 때마다 쿵 소리가 나요,교통·국토,
도로 공사 가림막이 바람에 쓰러져 인도를 통째로 막고 있습니다,교통·국토,경계 교통·국토↔주택·건축: 건물 공사가 아닌 도로 공사 시설물이 인도를 막으면 교통·국토
주차 금지 표시도 없던 곳인데 제 차가 견인됐어요 이의 제기하고 싶습니다,교통·국토,경계 교통·국토↔문화·행정·안전: 견인·주차 과태료 이의도 교통 단속이라 교통·국토
거주자 우선주차 자리에 모르는 차가 매일 세워져 있어요,교통·국토,
근린공원 정자 지붕이 새서 비 오는 날엔 앉을 수가 없어요,기타,
둘레길 나무 데크 계단이 썩어서 발이 쑥 빠졌어요,기타,
태풍에 인도 가로수가 기울어졌는데 쓰러지기 전에 손봐 주세요,기타,경계 기타↔교통·국토: 차도를 막기 전의 가로수 관리는 기타
시장 골목 공공 와이파이 신호가 너무 약해서 잡히지도 않아요,기타,
목줄 없는 개 서너 마리가 무리 지어 다녀서 아이들이 무서워해요,기타,
주차해 둔 차 유리창마다 대출 광고 전단지가 꽂혀 있어요,기타,
육교 난간에 허가 없는 분양 현수막이 몇 주째 걸려 있어요,기타,경계 기타↔교통·국토: 시설물에 붙은 불법 현수막 정비는 기타
집에 계속 있었는데 등기우편이 부재로 반송됐다고 하네요,기타,
다니던 헬스장이 갑자기 문을 닫고 회원권 환불을 안 해 줍니다,기타,경계 노동·기업↔기타: 소비자 계약 환불 분쟁은 기타
이사해서 주소가 바뀌었는데 반려견 등록 정보 변경은 어떻게 하나요,기타,
다음 주 푸른내 축제 때 관광 안내소가 어디에 생기나요,기타,
시청 홈페이지에 첨부파일만 올리면 오류 창이 뜨고 멈춰요,기타,
주민센터 앞 꽃길을 가꿔 주신 분들께 고맙다는 말씀 전하고 싶어요,기타,
공원 잔디밭에 그늘막을 몇 개 세워 주면 여름에 좋겠어요,기타,
학원 강사로 3년 일했는데 프리랜서 계약이라며 퇴직금을 못 준대요,노동·기업,
식당 주방에서 일하다 화상을 입었는데 사장이 개인 보험으로 처리하래요,노동·기업,
퇴근하고 나서도 밤마다 단톡방으로 업무 지시가 쏟아져요,노동·기업,
청소 용역업체가 바뀌면서 기존 청소 노동자들 고용 승계가 안 됐어요,노동·기업,통합(예전 노동↔기업 경계): 업체 변경·고용 승계 모두 노동·기업
경력이 끊긴 지 5년인데 재취업 직업훈련 과정이 있을까요,노동·기업,경계 노동·기업↔보건·복지: 노인·생계 지원이 아닌 일반 재취업 지원은 노동·기업
아파트 단지 안 지하주차장 출입 차단기가 고장 나서 계속 열려 있어요,주택·건축,경계 교통·국토↔주택·건축: 아파트 단지 안 주차장·도로 시설은 공동주택 관리(주택·건축)
관리사무소가 경비원 휴게실을 창고로 바꿔 버렸어요,주택·건축,경계 노동·기업↔주택·건축: 경비실·휴게 공간 같은 단지 시설은 주택·건축
상가 건물 2층을 허가 없이 방 여러 개로 쪼개서 세를 놓고 있어요,주택·건축,보강: 7종 개편 균형
오래된 연립주택 지붕 슬레이트가 바람에 날아갈 것 같아요,주택·건축,보강: 7종 개편 균형
아랫집에서 올라오는 담배 냄새 때문에 창문을 못 열어요,주택·건축,보강: 7종 개편 균형
장기수선충당금을 어디에 썼는지 관리사무소가 공개하지 않아요,주택·건축,보강: 7종 개편 균형
입주한 지 석 달 된 새 아파트 욕실 타일이 들뜨는데 시공사가 하자 보수를 미뤄요,주택·건축,보강: 7종 개편 균형
전세 계약이 끝났는데 집주인이 보증금을 돌려주지 않아요,주택·건축,보강: 7종 개편 균형
공공임대 아파트 보일러가 고장 났는데 관리 주체가 수리를 미뤄요,주택·건축,보강: 7종 개편 균형
이주가 끝난 재개발 구역 빈 건물 창문이 다 깨져서 무너질까 걱정돼요,주택·건축,보강: 7종 개편 균형
옆 신축 공사장 크레인이 우리 집 지붕 위로 자재를 옮겨요,주택·건축,보강: 7종 개편 균형
주말인데 아침 일곱 시부터 건물 철거 공사 소리가 나요,주택·건축,보강: 7종 개편 균형
아파트 동대표 회의록을 입주민에게 보여 주지 않아요,주택·건축,보강: 7종 개편 균형
다세대주택 외벽에 금이 가고 비가 오면 벽으로 물이 스며들어요,주택·건축,보강: 7종 개편 균형
반지하 방 벽에 곰팡이가 피어서 아이가 계속 기침을 해요,주택·건축,보강: 7종 개편 균형
아파트 단지 놀이터 바닥 고무가 다 떨어져 나갔어요,주택·건축,보강: 7종 개편 균형
옆 필지에 허가 안내판 하나 없이 건물이 올라가고 있어요,주택·건축,보강: 7종 개편 균형
옆집 블록 담이 갈라지면서 우리 마당 쪽으로 쏠렸어요,주택·건축,보강: 7종 개편 균형
큰길 옆 인도에 버려진 침대 매트리스를 아무도 안 치워 가요,환경·위생,경계 교통·국토↔환경·위생: 도로 위라도 쓰레기·폐기물·동물 사체·청소는 환경·위생
교차로 한가운데 차에 치인 고양이 사체가 있어요,환경·위생,경계 교통·국토↔환경·위생: 도로 위라도 쓰레기·폐기물·동물 사체·청소는 환경·위생
전통시장 골목에 상인들이 내놓은 음식물 쓰레기 냄새가 심해요,환경·위생,경계 노동·기업↔환경·위생: 시장·업소라도 쓰레기·악취·위생 문제는 환경·위생
동네 정육점 고기에서 상한 냄새가 나는데 그대로 팔아요,환경·위생,경계 노동·기업↔환경·위생: 시장·업소라도 쓰레기·악취·위생 문제는 환경·위생
옆 가게 실외기 소음 때문에 밤에 창문을 못 열어요,환경·위생,보강: 7종 개편 균형
근처 공장이 해가 지면 굴뚝으로 검은 매연을 뿜어요,환경·위생,보강: 7종 개편 균형
동네 개천에 거품이 잔뜩 끼고 비린내가 올라와요,환경·위생,보강: 7종 개편 균형
헌옷 수거함 옆이 쓰레기장처럼 변해 버렸어요,환경·위생,보강: 7종 개편 균형
공원 화장실에 휴지도 없고 변기가 막혀 있어요,환경·위생,보강: 7종 개편 균형
밤에 골목 하수구 주변으로 쥐가 들락날락해요,환경·위생,보강: 7종 개편 균형
양돈 농장 냄새가 바람 타고 마을까지 넘어와요,환경·위생,보강: 7종 개편 균형
재활용 내놓는 날인데 수거해 가지 않아서 그대로 쌓여 있어요,환경·위생,보강: 7종 개편 균형
새벽 두세 시까지 노래방 반주 소리가 집 안까지 들려요,환경·위생,보강: 7종 개편 균형
배달 음식을 먹다가 플라스틱 조각을 씹었어요,환경·위생,보강: 7종 개편 균형
반려견 배설물을 안 치우고 가서 산책길이 지저분해요,환경·위생,보강: 7종 개편 균형
공사 현장 비산먼지 때문에 차 유리가 뿌옇게 됐어요,환경·위생,보강: 7종 개편 균형
밭에서 농사용 비닐을 태워서 매캐한 냄새가 나요,환경·위생,보강: 7종 개편 균형
상가 앞 화단이 꽁초 버리는 곳이 돼 버렸어요,환경·위생,보강: 7종 개편 균형
길가에 세워 둔 화물차 밑에서 연기가 피어올라요,문화·행정·안전,경계 교통·국토↔문화·행정·안전: 불·연기·가스·인명 위험이 지금 있으면 문화·행정·안전
소화전 앞이 늘 주차 차량으로 막혀 있어요 화재 나면 큰일이에요,문화·행정·안전,경계 교통·국토↔문화·행정·안전: 소화전·소방차 진입 등 소방 활동이 핵심이면 문화·행정·안전
물이 들어찬 지하차도에서 차 문이 안 열려 사람이 못 나와요,문화·행정·안전,경계 교통·국토↔문화·행정·안전: 불·연기·가스·인명 위험이 지금 있으면 문화·행정·안전
시장 가게마다 문어발 콘센트를 써서 합선 날까 봐 걱정돼요,문화·행정·안전,경계 노동·기업↔문화·행정·안전: 상인 지원 사업이 아닌 시장 화재 위험은 문화·행정·안전
지하 업소 비상 탈출구에 자물쇠가 채워져 있어요,문화·행정·안전,보강: 7종 개편 균형
발급기에서 서류가 반쯤 나오다 멈췄는데 수수료만 빠져나갔어요,문화·행정·안전,보강: 7종 개편 균형
사망신고 구비서류 안내가 홈페이지랑 창구가 달라서 헛걸음했어요,문화·행정·안전,보강: 7종 개편 균형
지진 나면 어디로 피해야 하는지 동네에 표시가 없어요,문화·행정·안전,보강: 7종 개편 균형
도서관에 구입 신청한 책이 반년이 지나도 안 들어와요,문화·행정·안전,보강: 7종 개편 균형
구립 수영장 수온이 낮아서 아이들이 입술이 파래져요,문화·행정·안전,보강: 7종 개편 균형
축제 때 설치한 무대 구조물이 행사 끝나고도 그대로예요,문화·행정·안전,보강: 7종 개편 균형
평생학습 강좌 온라인 접수 날마다 서버가 다운돼요,문화·행정·안전,보강: 7종 개편 균형
다세대주택 복도에서 가스 새는 냄새가 진하게 나요,문화·행정·안전,보강: 7종 개편 균형
창고 지붕 아래에 축구공만 한 벌집이 달렸어요,문화·행정·안전,보강: 7종 개편 균형
여권 발급 창구 방문 예약이 몇 주 뒤까지 마감이에요,문화·행정·안전,보강: 7종 개편 균형
산자락 바로 옆에서 잡목을 태우고 있어서 산불 날까 겁나요,문화·행정·안전,보강: 7종 개편 균형
밤에 무서워서 비상벨을 눌렀는데 경찰 연결이 안 됐어요,문화·행정·안전,보강: 7종 개편 균형
상가 복도 소화기 압력계가 전부 빨간 칸에 가 있어요,문화·행정·안전,보강: 7종 개편 균형
어르신 공공일자리 하시는 아버지 활동비가 아직 안 나왔어요,보건·복지,경계 노동·기업↔보건·복지: 노인 일자리와 생계 지원은 보건·복지
가게를 폐업한 뒤로 생활비가 없는데 긴급복지 지원을 받을 수 있나요,보건·복지,경계 노동·기업↔보건·복지: 폐업 지원금이 아닌 생계 지원은 보건·복지
휠체어 타는 어머니 병원 가는데 장애인 콜택시가 안 잡혀요,보건·복지,경계 교통·국토↔보건·복지: 장애인 콜택시·주간보호 송영 차량은 보건·복지
데이케어센터 차량이 어르신을 안 태우러 와서 결석했어요,보건·복지,경계 교통·국토↔보건·복지: 장애인 콜택시·주간보호 송영 차량은 보건·복지
보건소 무료 독감 주사 예약이 시스템 오류로 안 돼요,보건·복지,보강: 7종 개편 균형
홀로 사시는 이웃 어르신 집에 우편물이 쌓여 있어요 걱정돼요,보건·복지,보강: 7종 개편 균형
이번 달 기초연금 금액이 줄었는데 아무 설명이 없어요,보건·복지,보강: 7종 개편 균형
어린이집 통학 차량에 아이가 남겨진 채로 차가 떠났어요,보건·복지,보강: 7종 개편 균형
무더위 쉼터인 경로당 냉방기가 멈췄어요,보건·복지,보강: 7종 개편 균형
아동수당 신청 결과를 언제 알려 주는지 연락이 없어요,보건·복지,보강: 7종 개편 균형
요양시설에서 자세를 안 바꿔 드려서 어머니 등에 욕창이 생겼어요,보건·복지,보강: 7종 개편 균형
치매 선별검사 받으려면 몇 달 대기해야 한대요,보건·복지,보강: 7종 개편 균형
옆집 초등학생이 늦은 밤마다 굶은 채 혼자 지내는 것 같아요,보건·복지,보강: 7종 개편 균형
난방비 바우처 대상자인데 신청하라는 안내가 없었어요,보건·복지,보강: 7종 개편 균형
활동지원 급여는 나왔는데 도와줄 지원사를 못 구했어요,보건·복지,보강: 7종 개편 균형
아동센터에서 주는 저녁밥이 컵라면일 때가 많아요,보건·복지,보강: 7종 개편 균형
결핵 접촉자 검사 결과 통보가 늦어지고 있어요,보건·복지,보강: 7종 개편 균형
한부모 아동양육비가 예고도 없이 이번 달부터 중단됐어요,보건·복지,보강: 7종 개편 균형
가게 앞 플라타너스 가지가 너무 자라서 간판이 안 보여요,기타,경계 교통·국토↔기타: 차도를 막지 않는 가로수 관리는 기타
정류장 안내판에 급전 대출 광고 스티커가 다닥다닥 붙었어요,기타,경계 교통·국토↔기타: 시설물에 붙은 불법 전단지·현수막 정비는 기타
온라인 쇼핑몰에서 산 온수매트가 불량인데 반품을 거절해요,기타,경계 노동·기업↔기타: 소비자 제품·계약 환불 분쟁은 기타
선결제한 요가 수업 업체가 폐업하고 연락이 끊겼어요,기타,경계 노동·기업↔기타: 소비자 제품·계약 환불 분쟁은 기타
공원 운동기구 손잡이가 빠져서 다칠 뻔했어요,기타,보강: 7종 개편 균형
둘레길 나무 의자 판자가 빠져서 앉을 수가 없어요,기타,보강: 7종 개편 균형
근린공원 잔디 광장을 그늘막들이 아침부터 자리 잡고 있어요,기타,보강: 7종 개편 균형
시에서 설치한 무료 와이파이가 접속만 되고 인터넷이 안 돼요,기타,보강: 7종 개편 균형
주인 없는 대형견이 아파트 앞을 어슬렁거려요,기타,보강: 7종 개편 균형
우리 집 고지서가 자꾸 다른 동 우편함에 꽂혀 있어요,기타,보강: 7종 개편 균형
마을 담벼락 그림이 바래고 들떠서 흉물이 됐어요,기타,보강: 7종 개편 균형
이른 아침부터 거리를 쓸어 주시는 미화원분들 정말 고맙습니다,기타,보강: 7종 개편 균형
구청 누리집 게시판에서 사진을 첨부하면 오류가 나요,기타,보강: 7종 개편 균형
시청 모바일 앱이 몇 분마다 로그아웃돼요,기타,보강: 7종 개편 균형
가을마다 보도에 은행이 떨어져 밟히고 냄새가 진동해요,기타,보강: 7종 개편 균형
주민센터 창구 주무관님이 끝까지 친절하게 안내해 주셨어요 칭찬 부탁드려요,기타,보강: 7종 개편 균형
강아지 키우는 집이 많은데 반려견 쉼터를 만들면 어떨까요,기타,보강: 7종 개편 균형
공원 음악 분수가 몇 달째 물이 안 나와요,기타,보강: 7종 개편 균형
어느 부서에 말해야 할지 몰라서 여기 적는데 동네 이름 표기가 지도마다 달라요,기타,보강: 7종 개편 균형
